{
  "root_items": [
    {
      "id": "dashboards_group",
      "type": "GROUP",
      "name": "Pokemon",
      "description": "",
      "modifiable": true,
      "children": [
        {
          "id": "perspective_1600655900427",
          "type": "ITEM",
          "name": "Pokedex",
          "modifiable": true,
          "context": "resourceId=Pokedex;resourceType=PERSPECTIVE;"
        },
        {
          "id": "perspective_1600655918458",
          "type": "ITEM",
          "name": "Type Statistics",
          "modifiable": true,
          "context": "resourceId=Type Statistics;resourceType=PERSPECTIVE;"
        }
      ]
    }
  ]
}