{
  "root_items": [
    {
      "id": "dashboards_group",
      "type": "GROUP",
      "name": "Dashboards",
      "description": "",
      "modifiable": true,
      "children": [
        {
          "id": "group_1650272967711",
          "type": "GROUP",
          "name": "Tablist_Group",
          "modifiable": true,
          "children": [
            {
              "id": "perspective_1650272987967",
              "type": "ITEM",
              "name": "Oscar_Sample_Dashboard",
              "modifiable": true,
              "context": "resourceId=Oscar_Sample_Dashboard;resourceType=PERSPECTIVE;"
            },
            {
              "id": "perspective_1650273011554",
              "type": "ITEM",
              "name": "page1",
              "modifiable": true,
              "context": "resourceId=page1;resourceType=PERSPECTIVE;"
            },
            {
              "id": "perspective_1650273023852",
              "type": "ITEM",
              "name": "page2",
              "modifiable": true,
              "context": "resourceId=page2;resourceType=PERSPECTIVE;"
            },
            {
              "id": "perspective_1650273033183",
              "type": "ITEM",
              "name": "page3",
              "modifiable": true,
              "context": "resourceId=page3;resourceType=PERSPECTIVE;"
            }
          ]
        }
      ]
    }
  ]
}