{
  "root_items": [
    {
      "id": "group_1600283501713",
      "type": "GROUP",
      "name": "COVID19",
      "modifiable": true,
      "children": [
        {
          "id": "group_1600368535647",
          "type": "GROUP",
          "name": "Timeline",
          "modifiable": true,
          "children": [
            {
              "id": "perspective_1600368557666",
              "type": "ITEM",
              "name": "COVID19 Cases Timeline ",
              "modifiable": true,
              "context": "resourceId=COVID19 Cases Timeline ;resourceType=PERSPECTIVE;"
            },
            {
              "id": "perspective_1600368566215",
              "type": "ITEM",
              "name": "COVID19 Deaths Timeline",
              "modifiable": true,
              "context": "resourceId=COVID19 Deaths Timeline;resourceType=PERSPECTIVE;"
            }
          ]
        },
        {
          "id": "group_1600368544920",
          "type": "GROUP",
          "name": "Totals",
          "modifiable": true,
          "children": [
            {
              "id": "perspective_1600368573926",
              "type": "ITEM",
              "name": "COVID19 Cases",
              "modifiable": true,
              "context": "resourceId=COVID19 Cases;resourceType=PERSPECTIVE;"
            },
            {
              "id": "perspective_1600368579652",
              "type": "ITEM",
              "name": "COVID19 Deaths",
              "modifiable": true,
              "context": "resourceId=COVID19 Deaths;resourceType=PERSPECTIVE;"
            }
          ]
        },
        {
          "id": "group_1600368726344",
          "type": "GROUP",
          "name": "COVID19 Reports",
          "modifiable": true,
          "children": [
            {
              "id": "perspective_1600368744568",
              "type": "ITEM",
              "name": "COVID19 Cases Timeline ",
              "modifiable": true,
              "context": "resourceId=COVID19 Cases Timeline ;resourceType=PERSPECTIVE;"
            },
            {
              "id": "perspective_1600368749531",
              "type": "ITEM",
              "name": "COVID19 Deaths Timeline",
              "modifiable": true,
              "context": "resourceId=COVID19 Deaths Timeline;resourceType=PERSPECTIVE;"
            },
            {
              "id": "perspective_1600368756052",
              "type": "ITEM",
              "name": "COVID19 Cases",
              "modifiable": true,
              "context": "resourceId=COVID19 Cases;resourceType=PERSPECTIVE;"
            },
            {
              "id": "perspective_1600368762024",
              "type": "ITEM",
              "name": "COVID19 Deaths",
              "modifiable": true,
              "context": "resourceId=COVID19 Deaths;resourceType=PERSPECTIVE;"
            }
          ]
        }
      ]
    }
  ]
}