{
  "root_items": [
    {
      "id": "group_1600283501713",
      "type": "GROUP",
      "name": "COVID19",
      "modifiable": true,
      "children": [
        {
          "id": "group_1600283519623",
          "type": "GROUP",
          "name": "Timeline",
          "modifiable": true,
          "children": [
            {
              "id": "perspective_1600283526710",
              "type": "ITEM",
              "name": "COVID19 Deaths Timeline",
              "modifiable": true,
              "context": "resourceId=COVID19 Deaths Timeline;resourceType=PERSPECTIVE;"
            },
            {
              "id": "perspective_1600283534321",
              "type": "ITEM",
              "name": "COVID19 Cases Timeline ",
              "modifiable": true,
              "context": "resourceId=COVID19 Cases Timeline ;resourceType=PERSPECTIVE;"
            }
          ]
        },
        {
          "id": "group_1600283541642",
          "type": "GROUP",
          "name": "Totals",
          "modifiable": true,
          "children": [
            {
              "id": "perspective_1600283557824",
              "type": "ITEM",
              "name": "COVID19 Deaths",
              "modifiable": true,
              "context": "resourceId=COVID19 Deaths;resourceType=PERSPECTIVE;"
            },
            {
              "id": "perspective_1600283561895",
              "type": "ITEM",
              "name": "COVID19 Cases",
              "modifiable": true,
              "context": "resourceId=COVID19 Cases;resourceType=PERSPECTIVE;"
            }
          ]
        }
      ]
    }
  ]
}
