{
  "root_items": [
    {
      "id": "group_1600465498956",
      "type": "GROUP",
      "name": "Queimadas",
      "modifiable": true,
      "children": [
        {
          "id": "group_1600465508097",
          "type": "GROUP",
          "name": "Queimadas no Brasil",
          "modifiable": true,
          "children": [
            {
              "id": "perspective_1600465523944",
              "type": "ITEM",
              "name": "Dados Queimadas por Estado",
              "modifiable": true,
              "context": "resourceId=Dados Queimadas por Estado;resourceType=PERSPECTIVE;"
            },
            {
              "id": "perspective_1600465534282",
              "type": "ITEM",
              "name": "Evolução das Queimadas Por Bioma",
              "modifiable": true,
              "context": "resourceId=Evolução das Queimadas Por Bioma;resourceType=PERSPECTIVE;"
            },
            {
              "id": "perspective_1600465543202",
              "type": "ITEM",
              "name": "Evolução das Queimadas por Região",
              "modifiable": true,
              "context": "resourceId=Evolução das Queimadas por Região;resourceType=PERSPECTIVE;"
            }
          ]
        }
      ]
    }
  ]
}