{
  "root_items": [
    {
      "id": "dashboards_group",
      "type": "GROUP",
      "name": "Mortes SJC",
      "description": "",
      "modifiable": true,
      "children": [
        {
          "id": "group_1622740095073",
          "type": "GROUP",
          "name": "Óbitos",
          "modifiable": true,
          "children": [
            {
              "id": "perspective_1622740103889",
              "type": "ITEM",
              "name": "Mortes por Mês",
              "modifiable": true,
              "context": "resourceId=Mortes por Mês;resourceType=PERSPECTIVE;"
            },
            {
              "id": "perspective_1622740125951",
              "type": "ITEM",
              "name": "Evolução dos óbitos ",
              "modifiable": true,
              "context": "resourceId=Evolução dos óbitos ;resourceType=PERSPECTIVE;"
            }
          ]
        }
      ]
    }
  ]
}