{
  "root_items": [
    {
      "id": "dashboards_group",
      "type": "GROUP",
      "name": "Dashboards",
      "description": "",
      "modifiable": true,
      "children": [
        {
          "id": "group_1624236448147",
          "type": "GROUP",
          "name": "Video Streaming",
          "modifiable": true,
          "children": [
            {
              "id": "perspective_1624236478313",
              "type": "ITEM",
              "name": "Netflix Titles Summary",
              "modifiable": true,
              "context": "resourceId=Netflix Titles Summary;resourceType=PERSPECTIVE;"
            },
            {
              "id": "perspective_1624236487177",
              "type": "ITEM",
              "name": "Disney Movies",
              "modifiable": true,
              "context": "resourceId=Disney Movies;resourceType=PERSPECTIVE;"
            }
          ]
        }
      ]
    }
  ]
}